NAME,ETH_ADDRESS,PRIVATE_KEY
Server,0xd440D92Dc5357D297B6232f2c8BB1E6911483b69,E34F12503E4A84100E86A920B5C69D8FBFF80AC9C8293CA974374514A7676EF8
A,0xfCb89072149b45ad9bbF698d15efA2283da8fd6f,DD44F501B7B2542F2B1A8DD9B4D58DF56185D5BD295E1AC0E0B4E5E84122817C
B,0xEF84a3c5E2914De5FD235937351Ef73C1E4B9658,9BD5A6185BA6CF19961AB6463B30CEE104B6B1FC1BAECDEBF54CDC06738D5DEE
C,0x6E9b61CAAC3b61bA1bE990ea07Ebe1CcF2cCAb0D,40DF48B5F5465C59E9CA1A3C8A82EAA65BF9FC3427617010468E855C79978F69
D,0x1829EBC2FB3bD199225dc138913B18c39DAC762e,D693B594A1B790F9F483BC3A52AAD554870015BA7BE3E59364951A46654D6013
E,0x599ce6f55604c5E4E1bd2d57C76425b17346a1e1,BDF2312208DFCDC6138830F2F5EE44CDE71673342DBA2E2F2B392A6C775323F5
F,0x5Fe485f374395C5860b5D8bB1BfcFC5a2f78E2A3,96F4DF0AF00FE61736CF20C10C5C7A2597E7F7D71E359C04D18B8C15F9D96AA2
G,0x0E4Ebd983a1430393E5A9876f5F0C5A3C24e387F,8F7137307569055CDD8B8F669697A6DFFCD7E27427062D24CEEC85A9D1AAA113
H,0x95Cd0d925a5eac9900989A78fB43aAE0c16ee035,CBF45975FCC29BBCA46866999FF416848D793EB386466556A149D4333C70D3AB
I,0xf0a8f85F88B1453E41dD01A8b915b1D9Cd2E8B62,2A63F42A0ECDB8A4071C8466628A26741F806A690DF3D4422C4ABFD81DB785B7
J,0xbFfb376D0857998aAC16466e8B3871Cc48D9bE22,A88736062A8E024306B2118A872AF7943F0A3807E2A2BF4683664BC111B3C1D9
K,0x6054A89079738e7E58E4Aa7A648dAbDd602a8021,E2F08BCC46321C6D3D97DA16EF94803CB281E2C93CD843B923C7C67161C1B457
L,0x32462C9B4ad9d3Af7b6dFa748438999D0e82Fe42,FD3E6C70F268B09E737FBB015222F069A8C39BFD76B4C83404DB229D460A5795
M,0xE4777C834Be5b1DFC5280c4BaD5E3F6627049d9f,E1E23EF4A96B0DE846BA920AB9E378404E776F62497B450D36CC76E958D02651
N,0x215B3AB2eEA15b79f960A022514bFF1856a05F64,6C6D4894E8EF368EF36136427FCE6500C08855156ACA5F470131A421F38ED76A
O,0xD79A12640c84E575b6C2e58BE1D254288731EaB6,A22B2B9790113A47EB8803C2E243CED72CCB2C57705DCD00A6176E8533F0B389
P,0x70F53D6599c44465376EC713d68ACa1Aa01f7CE2,A0A1115BAF2DF6527DA11FB334A1130D390866BD3CBFBB12FF4C102AAB7A74B5
Q,0x16cb9d0f6f94C01E5943567cD764303f3C204eC9,B98BA20E652E16B10DF97D667BD58B25F6BFB81CBBE4F13DD42CEEA1C083D5F2
R,0xa69b294EAE9c009161c7b058FD5C04a5cd7F16Be,417AF7BF2CB9E254886BB4D1229774567C33C3086169A64AD7633CCA46EADB3D
S,0xB443A97FF7E2211861d362e1E6A63601048aF4DC,4A68F377156747743A0E1ABE14F8D4A123B3086F68D2C79EA6C9FADC3580B114
T,0x0fE452aDe3e1f4fc3B16301CFA816Efda6f5dEA2,1DA43AA93BA415914B90E49A43E4D5AFAE11F5D03F87E7E21B8BE51076BDB587
U,0x8Df3019047A8824Ecc2ed47a49669f3C75329BF3,4D03790711B2EE88DC0B8B8459C6D19BF27AD317FDF6D8A2EA9091B1A24CFCE3
V,0xf9D0928886c5c01Db67384604B2558E4531d4262,9332F42D9C10C7D8181E566247D28C3C66015FB87B38D4BC2331F662AE82CAAF
W,0x62c6a29E7C8939E34945991A394CF8180f758dF5,8764F8E2BA033519346589E4EAB45999957F5D7CADC951ED358DC41B9B43D7B5
X,0x1a5A3adc806364D54b558E4B8DdF4898EBe81D5c,A05E990F0D7152E510EBA84EF0A56E5BC8612A13C04BE41D9CB206CE9BDAEB5F
Y,0x2293bb0F9195d19a63523AE64D5603953B103Bdc,8FD8D794588DE4405FEEEDD83EBBD07C8D7C3487D7B06277FF7991142BDF481E
Z,0x9b9aA701EcE33F9505abDa84d967B90652193Df0,F03742FA04311713866063E5EE4C7FD39F9F257850B1844E2F718CEAEE9677EE
AA,0xd326F9DBeB9B8d7B49Cb8a8fEC31b960c98f0FDE,B66A2EDF997ACBD531B66335D6A575F9BBB3D1B5CD8CE0D20AC80CEE4F0BD4DF
AB,0x5B76FC17C61D111EACe400C4098c3CA92de29991,B0F7C16D9F9A7D684D87C03A70A79A7758738F54F7066CAD7BBCE85990940BDB
AC,0x190724A1FF25f68520d5f353227bE07ffa15c5B3,660BFFF575FDFC70D312E39E0F43B8E984BD4035F256D02464F2C3B66E18EE48
AD,0xA59c07b73476668cb728C21f0D5f10b4E04a9A9a,5F42953E20B81E67CEC91890DF79FC5EEC0B9283C6174C053693807A0B695A22
AE,0x838b7045286bE3654eD6E72fc0E060002eD419A8,B339D1E34F2D95C5135A398CBF8929008DAC5F7238A0A1E3F178448F1EEAB366
AF,0xC52fc15DA4B93764396DC4c09278D43139586dFf,145C8844E22B5EAB0A1940D0D067240734AFFB3AA885BEAF8189B08EADED0145
